component,total_logs,error_logs,error_rate
scheduler,2198,284,12.92083712465878
worker,2180,284,13.027522935779817
database,2164,273,12.615526802218113
frontend,2146,243,11.323392357875116
cache,2136,259,12.125468164794007
auth,2117,291,13.745866792631082
api,2071,231,11.154031868662482
